{"cameraMode":{"drawMode":0,"name":"Shaded","section":"Shading Mode"},"sceneLighting":true,"audioPlay":false,"sceneViewState":{"m_AlwaysRefresh":true,"showFog":true,"showSkybox":true,"showFlares":true,"showImageEffects":true,"showParticleSystems":true,"showVisualEffectGraphs":true,"m_FxEnabled":true},"in2DMode":false,"pivot":{"x":5.468722343444824,"y":7.996942520141602,"z":-4.120733261108398},"rotation":{"x":0.006626833230257034,"y":-0.972041130065918,"z":0.23324650526046754,"w":0.027711009606719018},"size":21.528797149658204,"orthographic":false}