{"cameraMode":{"drawMode":0,"name":"Shaded","section":"Shading Mode"},"sceneLighting":true,"audioPlay":false,"sceneViewState":{"m_AlwaysRefresh":true,"showFog":true,"showSkybox":true,"showFlares":true,"showImageEffects":true,"showParticleSystems":true,"showVisualEffectGraphs":true,"m_FxEnabled":true},"in2DMode":false,"pivot":{"x":10.50393295288086,"y":-4.0260114669799809,"z":-14.510984420776368},"rotation":{"x":0.20218615233898164,"y":-0.5787903666496277,"z":0.15085668861865998,"w":0.7755563855171204},"size":48.68513870239258,"orthographic":false}